Test Name,Test ID,Algorithm Name,Degree,timeIntervalSizeSec,segmentSizeSec,Tmin Factor,numberOfPointsPerSegment,initialNumberOfPoints,Number of Points,runTimeSec,runTimeMicro,numberOfIterations,avgTimeMicro,minTimeMicro,TCA Distance,TCA Time,TOLd,TOLt
randotest,17,ANCAS,15,1209600.000000000000000000000000000000,2810.872159150816059991484507918358,0.500000000000000000000000000000,16,6451,6448,0.011263999999999999707123166104,11264.000000000000000000000000000000,1,11264.000000000000000000000000000000,11264.000000000000000000000000000000,9.899464430001314596552219882142,131547.861443282716209068894386291504,0.000000000000000000000000000000,0.000000000000000000000000000000
CALSPHERE 1             _CALSPHERE 2             ,18,ANCAS,15,1209600.000000000000000000000000000000,3142.170959636162024253280833363533,0.500000000000000000000000000000,16,5761,5758,0.009912000000000000671240840688,9912.000000000000000000000000000000,1,9912.000000000000000000000000000000,9912.000000000000000000000000000000,115.380849881027600645211350638419,813541.425463170395232737064361572266,0.000000000000000000000000000000,0.000000000000000000000000000000
CALSPHERE 1             _LCS 1                   ,19,ANCAS,15,1209600.000000000000000000000000000000,3142.170959636162024253280833363533,0.500000000000000000000000000000,16,5761,5758,0.010090999999999999275912543339,10091.000000000000000000000000000000,1,10091.000000000000000000000000000000,10091.000000000000000000000000000000,1781.725710984185752749908715486526,954118.973615251481533050537109375000,0.000000000000000000000000000000,0.000000000000000000000000000000
CALSPHERE 1             _TEMPSAT 1               ,20,ANCAS,15,1209600.000000000000000000000000000000,3142.170959636162024253280833363533,0.500000000000000000000000000000,16,5761,5758,0.010090999999999999275912543339,10091.000000000000000000000000000000,1,10091.000000000000000000000000000000,10091.000000000000000000000000000000,118.585812233475976995578093919903,81124.049287789821391925215721130371,0.000000000000000000000000000000,0.000000000000000000000000000000
CALSPHERE 1             _CALSPHERE 4A            ,21,ANCAS,15,1209600.000000000000000000000000000000,3142.170959636162024253280833363533,0.500000000000000000000000000000,16,5761,5758,0.010108999999999999930277994054,10109.000000000000000000000000000000,1,10109.000000000000000000000000000000,10109.000000000000000000000000000000,117.995522137847274279920384287834,837221.084983510663732886314392089844,0.000000000000000000000000000000,0.000000000000000000000000000000
CALSPHERE 1             _OPS 5712 (P/L 160)      ,22,ANCAS,15,1209600.000000000000000000000000000000,2963.616450553603499429300427436829,0.500000000000000000000000000000,16,6121,6118,0.010831000000000000349498208152,10831.000000000000000000000000000000,1,10831.000000000000000000000000000000,10831.000000000000000000000000000000,285.451857306703971062233904376626,258797.824184348690323531627655029297,0.000000000000000000000000000000,0.000000000000000000000000000000
CALSPHERE 1             _LES-5                   ,23,ANCAS,15,1209600.000000000000000000000000000000,3142.170959636162024253280833363533,0.500000000000000000000000000000,16,5761,5758,0.012335000000000000477951012101,12335.000000000000000000000000000000,1,12335.000000000000000000000000000000,12335.000000000000000000000000000000,32323.878031161650142166763544082642,604617.668535169563256204128265380859,0.000000000000000000000000000000,0.000000000000000000000000000000
CALSPHERE 1             _SURCAL 159              ,24,ANCAS,15,1209600.000000000000000000000000000000,3087.556734471434992883587256073952,0.500000000000000000000000000000,16,5866,5863,0.010319000000000000047406523151,10319.000000000000000000000000000000,1,10319.000000000000000000000000000000,10319.000000000000000000000000000000,113.407893442064363398458226583898,278877.426693287678062915802001953125,0.000000000000000000000000000000,0.000000000000000000000000000000
CALSPHERE 1             _OPS 5712 (P/L 153)      ,25,ANCAS,15,1209600.000000000000000000000000000000,3093.314389035855128895491361618042,0.500000000000000000000000000000,16,5866,5863,0.010281000000000000207944772512,10281.000000000000000000000000000000,1,10281.000000000000000000000000000000,10281.000000000000000000000000000000,96.371598145250331413080857601017,828064.459727318608202040195465087891,0.000000000000000000000000000000,0.000000000000000000000000000000
CALSPHERE 1             _SURCAL 150B             ,26,ANCAS,15,1209600.000000000000000000000000000000,2924.244875748736831155838444828987,0.500000000000000000000000000000,16,6196,6193,0.010189000000000000140110145708,10189.000000000000000000000000000000,1,10189.000000000000000000000000000000,10189.000000000000000000000000000000,339.696230371003991876932559534907,138824.956916229828493669629096984863,0.000000000000000000000000000000,0.000000000000000000000000000000
CALSPHERE 1             _OPS 3811 (DSP 2)        ,27,ANCAS,15,1209600.000000000000000000000000000000,3142.170959636162024253280833363533,0.500000000000000000000000000000,16,5761,5758,0.012189000000000000181743509131,12189.000000000000000000000000000000,1,12189.000000000000000000000000000000,12189.000000000000000000000000000000,35360.025681353821710217744112014771,22657.810127250166260637342929840088,0.000000000000000000000000000000,0.000000000000000000000000000000
CALSPHERE 1             _RIGIDSPHERE 2 (LCS 4)   ,28,ANCAS,15,1209600.000000000000000000000000000000,3009.336342704041726392460986971855,0.500000000000000000000000000000,16,6016,6013,0.010942000000000000337063710276,10942.000000000000000000000000000000,1,10942.000000000000000000000000000000,10942.000000000000000000000000000000,152.625447927055574837140738964081,70684.683229445072356611490249633789,0.000000000000000000000000000000,0.000000000000000000000000000000
CALSPHERE 1             _OSCAR 7 (AO-7)          ,29,ANCAS,15,1209600.000000000000000000000000000000,3142.170959636162024253280833363533,0.500000000000000000000000000000,16,5761,5758,0.010080999999999999683364393377,10081.000000000000000000000000000000,1,10081.000000000000000000000000000000,10081.000000000000000000000000000000,476.406701172783357378648361191154,498900.770890711515676230192184448242,0.000000000000000000000000000000,0.000000000000000000000000000000
CALSPHERE 1             _STARLETTE               ,30,ANCAS,15,1209600.000000000000000000000000000000,3125.166718511277395009528845548630,0.500000000000000000000000000000,16,5806,5803,0.010146999999999999769739744693,10147.000000000000000000000000000000,1,10147.000000000000000000000000000000,10147.000000000000000000000000000000,102.554229668370297190449491608888,377349.857449960953090339899063110352,0.000000000000000000000000000000,0.000000000000000000000000000000
CALSPHERE 1             _LAGEOS 1                ,31,ANCAS,15,1209600.000000000000000000000000000000,3142.170959636162024253280833363533,0.500000000000000000000000000000,16,5761,5758,0.011183999999999999497291014450,11184.000000000000000000000000000000,1,11184.000000000000000000000000000000,11184.000000000000000000000000000000,4878.494789066631710738874971866608,175000.445173597865505144000053405762,0.000000000000000000000000000000,0.000000000000000000000000000000
CALSPHERE 1             _OPS 8701 (DSP 10)       ,32,ANCAS,15,1209600.000000000000000000000000000000,3142.170959636162024253280833363533,0.500000000000000000000000000000,16,5761,5758,0.012158999999999999669375583267,12159.000000000000000000000000000000,1,12159.000000000000000000000000000000,12159.000000000000000000000000000000,35404.658941259927814826369285583496,51461.657650556880980730056762695312,0.000000000000000000000000000000,0.000000000000000000000000000000
CALSPHERE 1             _PHASE 3B (AO-10)        ,33,ANCAS,15,1209600.000000000000000000000000000000,3142.170959636162024253280833363533,0.500000000000000000000000000000,16,5761,5758,0.014106000000000000482724971107,14106.000000000000000000000000000000,1,14106.000000000000000000000000000000,14106.000000000000000000000000000000,3816.179462046652133722091093659401,1536.099415193399636336835101246834,0.000000000000000000000000000000,0.000000000000000000000000000000
CALSPHERE 1             _UOSAT 2 (UO-11)         ,34,ANCAS,15,1209600.000000000000000000000000000000,2906.728742765697006689151749014854,0.500000000000000000000000000000,16,6241,6238,0.010694999999999999645838855145,10695.000000000000000000000000000000,1,10695.000000000000000000000000000000,10695.000000000000000000000000000000,412.947564299791281428042566403747,1184660.997703170171007513999938964844,0.000000000000000000000000000000,0.000000000000000000000000000000
CALSPHERE 1             _AJISAI (EGS)            ,35,ANCAS,15,1209600.000000000000000000000000000000,3142.170959636162024253280833363533,0.500000000000000000000000000000,16,5761,5758,0.010090999999999999275912543339,10091.000000000000000000000000000000,1,10091.000000000000000000000000000000,10091.000000000000000000000000000000,501.223870961178249672229867428541,480993.969195319514255970716476440430,0.000000000000000000000000000000,0.000000000000000000000000000000
CALSPHERE 1             _TDRS 3                  ,36,ANCAS,15,1209600.000000000000000000000000000000,3142.170959636162024253280833363533,0.500000000000000000000000000000,16,5761,5758,0.012009999999999999842348330503,12010.000000000000000000000000000000,1,12010.000000000000000000000000000000,12010.000000000000000000000000000000,34772.390552932447462808340787887573,633139.752818715525791049003601074219,0.000000000000000000000000000000,0.000000000000000000000000000000
CALSPHERE 1             _COSMOS 1989 (ETALON 1)  ,37,ANCAS,15,1209600.000000000000000000000000000000,3142.170959636162024253280833363533,0.500000000000000000000000000000,16,5761,5758,0.011086000000000000367816888058,11086.000000000000000000000000000000,1,11086.000000000000000000000000000000,11086.000000000000000000000000000000,18131.177271890905103646218776702881,977798.684079839033074676990509033203,0.000000000000000000000000000000,0.000000000000000000000000000000
CALSPHERE 1             _COSMOS 2024 (ETALON 2)  ,38,ANCAS,15,1209600.000000000000000000000000000000,3142.170959636162024253280833363533,0.500000000000000000000000000000,16,5761,5758,0.011072000000000000244360087720,11072.000000000000000000000000000000,1,11072.000000000000000000000000000000,11072.000000000000000000000000000000,18129.822146168306062463670969009399,39822.837166548837558366358280181885,0.000000000000000000000000000000,0.000000000000000000000000000000
CALSPHERE 1             _FLTSATCOM 8 (USA 46)    ,39,ANCAS,15,1209600.000000000000000000000000000000,3142.170959636162024253280833363533,0.500000000000000000000000000000,16,5761,5758,0.011738000000000000169753100465,11738.000000000000000000000000000000,1,11738.000000000000000000000000000000,11738.000000000000000000000000000000,34775.444682254368672147393226623535,419318.584200537588912993669509887695,0.000000000000000000000000000000,0.000000000000000000000000000000
CALSPHERE 1             _LUSAT (LO-19)           ,40,ANCAS,15,1209600.000000000000000000000000000000,3013.681225401629035332007333636284,0.500000000000000000000000000000,16,6016,6013,0.010524999999999999633626401874,10525.000000000000000000000000000000,1,10525.000000000000000000000000000000,10525.000000000000000000000000000000,177.288220934393422112407279200852,197069.432030101801501587033271789551,0.000000000000000000000000000000,0.000000000000000000000000000000
CALSPHERE 1             _HST                     ,41,ANCAS,15,1209600.000000000000000000000000000000,2848.910930892243868584046140313148,0.500000000000000000000000000000,16,6361,6358,0.011150000000000000188737914186,11150.000000000000000000000000000000,1,11150.000000000000000000000000000000,11150.000000000000000000000000000000,478.492543144178625880158506333828,350444.032501475419849157333374023438,0.000000000000000000000000000000,0.000000000000000000000000000000
CALSPHERE 1             _SKYNET 4C               ,42,ANCAS,15,1209600.000000000000000000000000000000,3142.170959636162024253280833363533,0.500000000000000000000000000000,16,5761,5758,0.011625999999999999182098697759,11626.000000000000000000000000000000,1,11626.000000000000000000000000000000,11626.000000000000000000000000000000,34787.257907031242211814969778060913,872078.045509652816690504550933837891,0.000000000000000000000000000000,0.000000000000000000000000000000
CALSPHERE 1             _USA 65 (DSP 15)         ,43,ANCAS,15,1209600.000000000000000000000000000000,3142.170959636162024253280833363533,0.500000000000000000000000000000,16,5761,5758,0.011619000000000000855093773566,11619.000000000000000000000000000000,1,11619.000000000000000000000000000000,11619.000000000000000000000000000000,35311.535794652168988250195980072021,1142489.562110652215778827667236328125,0.000000000000000000000000000000,0.000000000000000000000000000000
CALSPHERE 1             _TDRS 5                  ,44,ANCAS,15,1209600.000000000000000000000000000000,3142.170959636162024253280833363533,0.500000000000000000000000000000,16,5761,5758,0.011782000000000000805577826668,11782.000000000000000000000000000000,1,11782.000000000000000000000000000000,11782.000000000000000000000000000000,34676.707160749690956436097621917725,299857.863180080545134842395782470703,0.000000000000000000000000000000,0.000000000000000000000000000000
CALSPHERE 1             _USA 75 (DSP 16)         ,45,ANCAS,15,1209600.000000000000000000000000000000,3142.170959636162024253280833363533,0.500000000000000000000000000000,16,5761,5758,0.011825999999999999706679076894,11826.000000000000000000000000000000,1,11826.000000000000000000000000000000,11826.000000000000000000000000000000,35069.593638051162997726351022720337,985286.597360037849284708499908447266,0.000000000000000000000000000000,0.000000000000000000000000000000
CALSPHERE 1             _LAGEOS 2                ,46,ANCAS,15,1209600.000000000000000000000000000000,3142.170959636162024253280833363533,0.500000000000000000000000000000,16,5761,5758,0.010038999999999999312993992362,10039.000000000000000000000000000000,1,10039.000000000000000000000000000000,10039.000000000000000000000000000000,4652.328847295540072082076221704483,454918.889702689484693109989166259766,0.000000000000000000000000000000,0.000000000000000000000000000000
CALSPHERE 1             _TDRS 6                  ,47,ANCAS,15,1209600.000000000000000000000000000000,3142.170959636162024253280833363533,0.500000000000000000000000000000,16,5761,5758,0.011705000000000000126565424807,11705.000000000000000000000000000000,1,11705.000000000000000000000000000000,11705.000000000000000000000000000000,34791.308300055410654749721288681030,633122.290842210408300161361694335938,0.000000000000000000000000000000,0.000000000000000000000000000000
CALSPHERE 1             _SCD 1                   ,48,ANCAS,15,1209600.000000000000000000000000000000,2989.230377959887391625670716166496,0.500000000000000000000000000000,16,6061,6058,0.010703999999999999973021580502,10704.000000000000000000000000000000,1,10704.000000000000000000000000000000,10704.000000000000000000000000000000,265.877064873539382006129017099738,288691.337022330728359520435333251953,0.000000000000000000000000000000,0.000000000000000000000000000000
CALSPHERE 1             _UFO 2 (USA 95)          ,49,ANCAS,15,1209600.000000000000000000000000000000,3142.170959636162024253280833363533,0.500000000000000000000000000000,16,5761,5758,0.011481999999999999151345519977,11482.000000000000000000000000000000,1,11482.000000000000000000000000000000,11482.000000000000000000000000000000,34771.127455525471305008977651596069,356396.590967288473621010780334472656,0.000000000000000000000000000000,0.000000000000000000000000000000
CALSPHERE 1             _STELLA                  ,50,ANCAS,15,1209600.000000000000000000000000000000,3026.440452881004603113979101181030,0.500000000000000000000000000000,16,5986,5983,0.010389999999999999930055949449,10390.000000000000000000000000000000,1,10390.000000000000000000000000000000,10390.000000000000000000000000000000,170.540700402615073016932001337409,298573.649185574671719223260879516602,0.000000000000000000000000000000,0.000000000000000000000000000000
CALSPHERE 1             _EYESAT A (AO-27)        ,51,ANCAS,15,1209600.000000000000000000000000000000,3020.044576948526810156181454658508,0.500000000000000000000000000000,16,6001,5998,0.010694999999999999645838855145,10695.000000000000000000000000000000,1,10695.000000000000000000000000000000,10695.000000000000000000000000000000,183.029204221857128231931710615754,807266.541180802043527364730834960938,0.000000000000000000000000000000,0.000000000000000000000000000000
CALSPHERE 1             _ITAMSAT (IO-26)         ,52,ANCAS,15,1209600.000000000000000000000000000000,3019.250884116158431424992159008980,0.500000000000000000000000000000,16,6001,5998,0.010703999999999999973021580502,10704.000000000000000000000000000000,1,10704.000000000000000000000000000000,10704.000000000000000000000000000000,189.018831909560731219244189560413,1104168.066552310716360807418823242188,0.000000000000000000000000000000,0.000000000000000000000000000000
CALSPHERE 1             _USA 99 (MILSTAR-1 1)    ,53,ANCAS,15,1209600.000000000000000000000000000000,3142.170959636162024253280833363533,0.500000000000000000000000000000,16,5761,5758,0.011785999999999999601763001067,11786.000000000000000000000000000000,1,11786.000000000000000000000000000000,11786.000000000000000000000000000000,34784.776805790701473597437143325806,557562.199168550316244363784790039062,0.000000000000000000000000000000,0.000000000000000000000000000000
CALSPHERE 1             _RADIO ROSTO (RS-15)     ,54,ANCAS,15,1209600.000000000000000000000000000000,3142.170959636162024253280833363533,0.500000000000000000000000000000,16,5761,5758,0.010146000000000000504374320087,10146.000000000000000000000000000000,1,10146.000000000000000000000000000000,10146.000000000000000000000000000000,1023.196364992040116703719832003117,377046.896833451057318598031997680664,0.000000000000000000000000000000,0.000000000000000000000000000000
CALSPHERE 1             _UFO 4 (USA 108)         ,55,ANCAS,15,1209600.000000000000000000000000000000,3142.170959636162024253280833363533,0.500000000000000000000000000000,16,5761,5758,0.011272000000000000768940466855,11272.000000000000000000000000000000,1,11272.000000000000000000000000000000,11272.000000000000000000000000000000,34781.913415220020397100597620010376,747608.032944927574135363101959228516,0.000000000000000000000000000000,0.000000000000000000000000000000
CALSPHERE 1             _AMSC 1                  ,56,ANCAS,15,1209600.000000000000000000000000000000,3142.170959636162024253280833363533,0.500000000000000000000000000000,16,5761,5758,0.011714999999999999719113574770,11715.000000000000000000000000000000,1,11715.000000000000000000000000000000,11715.000000000000000000000000000000,34774.893451434312737546861171722412,733466.043756488943472504615783691406,0.000000000000000000000000000000,0.000000000000000000000000000000
CALSPHERE 1             _TDRS 7                  ,57,ANCAS,15,1209600.000000000000000000000000000000,3142.170959636162024253280833363533,0.500000000000000000000000000000,16,5761,5758,0.011070999999999999244271187138,11071.000000000000000000000000000000,1,11071.000000000000000000000000000000,11071.000000000000000000000000000000,34678.099846210345276631414890289307,601695.665511725354008376598358154297,0.000000000000000000000000000000,0.000000000000000000000000000000
CALSPHERE 1             _USA 115 (MILSTAR-1 2)   ,58,ANCAS,15,1209600.000000000000000000000000000000,3142.170959636162024253280833363533,0.500000000000000000000000000000,16,5761,5758,0.011752000000000000293209900804,11752.000000000000000000000000000000,1,11752.000000000000000000000000000000,11752.000000000000000000000000000000,34779.686520509305410087108612060547,1167584.024817992933094501495361328125,0.000000000000000000000000000000,0.000000000000000000000000000000
CALSPHERE 1             _POLAR                   ,59,ANCAS,15,1209600.000000000000000000000000000000,3142.170959636162024253280833363533,0.500000000000000000000000000000,16,5761,5758,0.011825000000000000441313652288,11825.000000000000000000000000000000,1,11825.000000000000000000000000000000,11825.000000000000000000000000000000,7643.969596230042043316643685102463,845712.520824755891226232051849365234,0.000000000000000000000000000000,0.000000000000000000000000000000
CALSPHERE 1             _INMARSAT 3-F1           ,60,ANCAS,15,1209600.000000000000000000000000000000,3142.170959636162024253280833363533,0.500000000000000000000000000000,16,5761,5758,0.012052999999999999478084156124,12053.000000000000000000000000000000,1,12053.000000000000000000000000000000,12053.000000000000000000000000000000,34860.748411049338756129145622253418,274506.215293815941549837589263916016,0.000000000000000000000000000000,0.000000000000000000000000000000
CALSPHERE 1             _JAS-2 (FO-29)           ,61,ANCAS,15,1209600.000000000000000000000000000000,3142.170959636162024253280833363533,0.500000000000000000000000000000,16,5761,5758,0.010215999999999999386934845802,10216.000000000000000000000000000000,1,10216.000000000000000000000000000000,10216.000000000000000000000000000000,104.072930849431216415723611135036,112917.101613041741074994206428527832,0.000000000000000000000000000000,0.000000000000000000000000000000
CALSPHERE 1             _INMARSAT 3-F2           ,62,ANCAS,15,1209600.000000000000000000000000000000,3142.170959636162024253280833363533,0.500000000000000000000000000000,16,5761,5758,0.012330000000000000681676937120,12330.000000000000000000000000000000,1,12330.000000000000000000000000000000,12330.000000000000000000000000000000,34853.468778044683858752250671386719,1075152.196921299211680889129638671875,0.000000000000000000000000000000,0.000000000000000000000000000000
CALSPHERE 1             _INMARSAT 3-F3           ,63,ANCAS,15,1209600.000000000000000000000000000000,3142.170959636162024253280833363533,0.500000000000000000000000000000,16,5761,5758,0.012134999999999999953370632966,12135.000000000000000000000000000000,1,12135.000000000000000000000000000000,12135.000000000000000000000000000000,34852.626955077743332367390394210815,1192558.003658776637166738510131835938,0.000000000000000000000000000000,0.000000000000000000000000000000
CALSPHERE 1             _GALAXY 25 (G-25)        ,64,ANCAS,15,1209600.000000000000000000000000000000,3142.170959636162024253280833363533,0.500000000000000000000000000000,16,5761,5758,0.012158000000000000404010158661,12158.000000000000000000000000000000,1,12158.000000000000000000000000000000,12158.000000000000000000000000000000,35084.515987903367204125970602035522,852974.353953363839536905288696289062,0.000000000000000000000000000000,0.000000000000000000000000000000
CALSPHERE 1             _NAVSTAR 43 (USA 132)    ,65,ANCAS,15,1209600.000000000000000000000000000000,3142.170959636162024253280833363533,0.500000000000000000000000000000,16,5761,5758,0.011025000000000000077715611724,11025.000000000000000000000000000000,1,11025.000000000000000000000000000000,11025.000000000000000000000000000000,19050.626560185675771208480000495911,622537.578189002699218690395355224609,0.000000000000000000000000000000,0.000000000000000000000000000000
CALSPHERE 1             _INTELSAT 5 (IS-5)       ,66,ANCAS,15,1209600.000000000000000000000000000000,3142.170959636162024253280833363533,0.500000000000000000000000000000,16,5761,5758,0.012097000000000000113908882327,12097.000000000000000000000000000000,1,12097.000000000000000000000000000000,12097.000000000000000000000000000000,34789.059081680898088961839675903320,840428.647914104396477341651916503906,0.000000000000000000000000000000,0.000000000000000000000000000000
CALSPHERE 1             _FORTE                   ,67,ANCAS,15,1209600.000000000000000000000000000000,3027.243094002885300142224878072739,0.500000000000000000000000000000,16,5986,5983,0.010559999999999999942268402719,10560.000000000000000000000000000000,1,10560.000000000000000000000000000000,10560.000000000000000000000000000000,172.838540530639676262580906040967,705669.937535441131331026554107666016,0.000000000000000000000000000000,0.000000000000000000000000000000
CALSPHERE 1             _AMC-3 (GE-3)            ,68,ANCAS,15,1209600.000000000000000000000000000000,3142.170959636162024253280833363533,0.500000000000000000000000000000,16,5761,5758,0.012179000000000000589195359169,12179.000000000000000000000000000000,1,12179.000000000000000000000000000000,12179.000000000000000000000000000000,34782.328232645268144551664590835571,635933.057825651369057595729827880859,0.000000000000000000000000000000,0.000000000000000000000000000000
CALSPHERE 1             _USA 134                 ,69,ANCAS,15,1209600.000000000000000000000000000000,3142.170959636162024253280833363533,0.500000000000000000000000000000,16,5761,5758,0.011776999999999999274580275710,11777.000000000000000000000000000000,1,11777.000000000000000000000000000000,11777.000000000000000000000000000000,34776.175428285467205569148063659668,1078806.610866549191996455192565917969,0.000000000000000000000000000000,0.000000000000000000000000000000
CALSPHERE 1             _NAVSTAR 44 (USA 135)    ,70,ANCAS,15,1209600.000000000000000000000000000000,3142.170959636162024253280833363533,0.500000000000000000000000000000,16,5761,5758,0.011147000000000000657918164393,11147.000000000000000000000000000000,1,11147.000000000000000000000000000000,11147.000000000000000000000000000000,20272.556051936200674390420317649841,927785.285235297982580959796905517578,0.000000000000000000000000000000,0.000000000000000000000000000000
CALSPHERE 1             _ORBCOMM FM11            ,71,ANCAS,15,1209600.000000000000000000000000000000,2995.880051190297308494336903095245,0.500000000000000000000000000000,16,6046,6043,0.010508999999999999244715276348,10509.000000000000000000000000000000,1,10509.000000000000000000000000000000,10509.000000000000000000000000000000,217.129203125297493670586845837533,548765.879642144194804131984710693359,0.000000000000000000000000000000,0.000000000000000000000000000000
CALSPHERE 1             _ORBCOMM FM06            ,72,ANCAS,15,1209600.000000000000000000000000000000,2995.117318149101720337057486176491,0.500000000000000000000000000000,16,6046,6043,0.010543000000000000287991852588,10543.000000000000000000000000000000,1,10543.000000000000000000000000000000,10543.000000000000000000000000000000,221.707674193014156571734929457307,706004.689549884176813066005706787109,0.000000000000000000000000000000,0.000000000000000000000000000000
CALSPHERE 1             _INMARSAT 3-F5           ,73,ANCAS,15,1209600.000000000000000000000000000000,3142.170959636162024253280833363533,0.500000000000000000000000000000,16,5761,5758,0.012297999999999999903854686067,12298.000000000000000000000000000000,1,12298.000000000000000000000000000000,12298.000000000000000000000000000000,34780.746284326276509091258049011230,720944.610454855370335280895233154297,0.000000000000000000000000000000,0.000000000000000000000000000000
CALSPHERE 1             _ORBCOMM FM04            ,74,ANCAS,15,1209600.000000000000000000000000000000,3016.336008710027726920088753104210,0.500000000000000000000000000000,16,6016,6013,0.010743000000000000812572231723,10743.000000000000000000000000000000,1,10743.000000000000000000000000000000,10743.000000000000000000000000000000,195.398947054635897302432567812502,1117853.083198748528957366943359375000,0.000000000000000000000000000000,0.000000000000000000000000000000
CALSPHERE 1             _CELESTIS-02 & TAURUS R/B,75,ANCAS,15,1209600.000000000000000000000000000000,3038.107178774044768942985683679581,0.500000000000000000000000000000,16,5971,5968,0.010392999999999999460875699242,10393.000000000000000000000000000000,1,10393.000000000000000000000000000000,10393.000000000000000000000000000000,108.658671337782593013798759784549,901414.727221816545352339744567871094,0.000000000000000000000000000000,0.000000000000000000000000000000
CALSPHERE 1             _NOAA 15                 ,76,ANCAS,15,1209600.000000000000000000000000000000,3028.358894418567615502979606389999,0.500000000000000000000000000000,16,5986,5983,0.010628000000000000294098079223,10628.000000000000000000000000000000,1,10628.000000000000000000000000000000,10628.000000000000000000000000000000,178.708196290939326900115702301264,222628.960134702356299385428428649902,0.000000000000000000000000000000,0.000000000000000000000000000000
CALSPHERE 1             _TECHSAT 1B (GO-32)      ,77,ANCAS,15,1209600.000000000000000000000000000000,3033.703911127486207988113164901733,0.500000000000000000000000000000,16,5971,5968,0.010307999999999999454769472607,10308.000000000000000000000000000000,1,10308.000000000000000000000000000000,10308.000000000000000000000000000000,161.803773370292446998064406216145,1078060.077411036472767591476440429688,0.000000000000000000000000000000,0.000000000000000000000000000000
CALSPHERE 1             _ORBCOMM FM19            ,78,ANCAS,15,1209600.000000000000000000000000000000,3009.524528598474717000499367713928,0.500000000000000000000000000000,16,6016,6013,0.010595000000000000250910403565,10595.000000000000000000000000000000,1,10595.000000000000000000000000000000,10595.000000000000000000000000000000,213.494684138465373735016328282654,452934.462244071997702121734619140625,0.000000000000000000000000000000,0.000000000000000000000000000000
CALSPHERE 1             _ORBCOMM FM20            ,79,ANCAS,15,1209600.000000000000000000000000000000,3010.476007023649799521081149578094,0.500000000000000000000000000000,16,6016,6013,0.010564000000000000473177053095,10564.000000000000000000000000000000,1,10564.000000000000000000000000000000,10564.000000000000000000000000000000,220.192268030766513220441993325949,276877.873416100337635725736618041992,0.000000000000000000000000000000,0.000000000000000000000000000000
CALSPHERE 1             _ORBCOMM FM13            ,80,ANCAS,15,1209600.000000000000000000000000000000,3010.236023297152769373496994376183,0.500000000000000000000000000000,16,6016,6013,0.010531999999999999695354802043,10532.000000000000000000000000000000,1,10532.000000000000000000000000000000,10532.000000000000000000000000000000,215.954551781383599973196396604180,396348.211526377534028142690658569336,0.000000000000000000000000000000,0.000000000000000000000000000000
CALSPHERE 1             _ASTRA 2A                ,81,ANCAS,15,1209600.000000000000000000000000000000,3142.170959636162024253280833363533,0.500000000000000000000000000000,16,5761,5758,0.012066000000000000336175531856,12066.000000000000000000000000000000,1,12066.000000000000000000000000000000,12066.000000000000000000000000000000,34782.966195165288809221237897872925,607738.173798167495988309383392333984,0.000000000000000000000000000000,0.000000000000000000000000000000
CALSPHERE 1             _ORBCOMM FM27            ,82,ANCAS,15,1209600.000000000000000000000000000000,3009.745505785307614132761955261230,0.500000000000000000000000000000,16,6016,6013,0.010548999999999999349631352175,10549.000000000000000000000000000000,1,10549.000000000000000000000000000000,10549.000000000000000000000000000000,222.259619505655450666381511837244,362558.918654397828504443168640136719,0.000000000000000000000000000000,0.000000000000000000000000000000
CALSPHERE 1             _SCD 2                   ,83,ANCAS,15,1209600.000000000000000000000000000000,2990.285995721860217599896714091301,0.500000000000000000000000000000,16,6061,6058,0.011993000000000000188071780372,11993.000000000000000000000000000000,1,11993.000000000000000000000000000000,11993.000000000000000000000000000000,250.108980563712322009450872428715,872147.737489758525043725967407226562,0.000000000000000000000000000000,0.000000000000000000000000000000
CALSPHERE 1             _ISS (ZARYA)             ,84,ANCAS,15,1209600.000000000000000000000000000000,2788.617513471020174620207399129868,0.500000000000000000000000000000,16,6496,6493,0.011405000000000000207056594093,11405.000000000000000000000000000000,1,11405.000000000000000000000000000000,11405.000000000000000000000000000000,550.854756090982391469879075884819,517355.959659848769661039113998413086,0.000000000000000000000000000000,0.000000000000000000000000000000
CALSPHERE 1             _SWAS                    ,85,ANCAS,15,1209600.000000000000000000000000000000,2881.337464987172097607981413602829,0.500000000000000000000000000000,16,6286,6283,0.010951999999999999929611860239,10952.000000000000000000000000000000,1,10952.000000000000000000000000000000,10952.000000000000000000000000000000,464.064253015334998053731396794319,1200447.162414897931739687919616699219,0.000000000000000000000000000000,0.000000000000000000000000000000
CALSPHERE 1             _SKYNET 4E               ,86,ANCAS,15,1209600.000000000000000000000000000000,3142.170959636162024253280833363533,0.500000000000000000000000000000,16,5761,5758,0.011265999999999999972577491292,11266.000000000000000000000000000000,1,11266.000000000000000000000000000000,11266.000000000000000000000000000000,34781.161507300232187844812870025635,708517.944252979476004838943481445312,0.000000000000000000000000000000,0.000000000000000000000000000000
CALSPHERE 1             _LANDSAT 7               ,87,ANCAS,15,1209600.000000000000000000000000000000,2957.863760022882161138113588094711,0.500000000000000000000000000000,16,6121,6118,0.010663000000000000602740080069,10663.000000000000000000000000000000,1,10663.000000000000000000000000000000,10663.000000000000000000000000000000,281.107038889649800239567412063479,1014637.254844760987907648086547851562,0.000000000000000000000000000000,0.000000000000000000000000000000
CALSPHERE 1             _DLR-TUBSAT              ,88,ANCAS,15,1209600.000000000000000000000000000000,2975.537260975935168971773236989975,0.500000000000000000000000000000,16,6091,6088,0.009905999999999999874877865125,9906.000000000000000000000000000000,1,9906.000000000000000000000000000000,9906.000000000000000000000000000000,279.087716162687286214350024238229,198718.742209379211999475955963134766,0.000000000000000000000000000000,0.000000000000000000000000000000
CALSPHERE 1             _CXO                     ,89,ANCAS,15,1209600.000000000000000000000000000000,3142.170959636162024253280833363533,0.500000000000000000000000000000,16,5761,5758,0.011686999999999999472199974093,11687.000000000000000000000000000000,1,11687.000000000000000000000000000000,11687.000000000000000000000000000000,3371.057768140197367756627500057220,242105.331442343187518417835235595703,0.000000000000000000000000000000,0.000000000000000000000000000000
CALSPHERE 1             _ABS-6                   ,90,ANCAS,15,1209600.000000000000000000000000000000,3142.170959636162024253280833363533,0.500000000000000000000000000000,16,5761,5758,0.011768999999999999947486450935,11769.000000000000000000000000000000,1,11769.000000000000000000000000000000,11769.000000000000000000000000000000,34781.976863011717796325683593750000,920239.297916522831656038761138916016,0.000000000000000000000000000000,0.000000000000000000000000000000
CALSPHERE 1             _NAVSTAR 46 (USA 145)    ,91,ANCAS,15,1209600.000000000000000000000000000000,3142.170959636162024253280833363533,0.500000000000000000000000000000,16,5761,5758,0.011194000000000000824562640389,11194.000000000000000000000000000000,1,11194.000000000000000000000000000000,11194.000000000000000000000000000000,19028.114894531474419636651873588562,759601.731947556254453957080841064453,0.000000000000000000000000000000,0.000000000000000000000000000000
CALSPHERE 1             _UFO 10 (USA 146)        ,92,ANCAS,15,1209600.000000000000000000000000000000,3142.170959636162024253280833363533,0.500000000000000000000000000000,16,5761,5758,0.012208000000000000101474384451,12208.000000000000000000000000000000,1,12208.000000000000000000000000000000,12208.000000000000000000000000000000,34791.987723983118485193699598312378,368891.113740115193650126457214355469,0.000000000000000000000000000000,0.000000000000000000000000000000
CALSPHERE 1             _ORBCOMM FM32            ,93,ANCAS,15,1209600.000000000000000000000000000000,3012.628440502050580107606947422028,0.500000000000000000000000000000,16,6016,6013,0.010382000000000000602962124674,10382.000000000000000000000000000000,1,10382.000000000000000000000000000000,10382.000000000000000000000000000000,223.087235079431849271713872440159,475705.770975493069272488355636596680,0.000000000000000000000000000000,0.000000000000000000000000000000
CALSPHERE 1             _ORBCOMM FM35            ,94,ANCAS,15,1209600.000000000000000000000000000000,3010.623121671711487579159438610077,0.500000000000000000000000000000,16,6016,6013,0.010552000000000000615174577945,10552.000000000000000000000000000000,1,10552.000000000000000000000000000000,10552.000000000000000000000000000000,201.071601270495364133239490911365,762103.324758133385330438613891601562,0.000000000000000000000000000000,0.000000000000000000000000000000
CALSPHERE 1             _XMM-NEWTON              ,95,ANCAS,15,1209600.000000000000000000000000000000,3142.170959636162024253280833363533,0.500000000000000000000000000000,16,5761,5758,0.011592999999999999138911022101,11593.000000000000000000000000000000,1,11593.000000000000000000000000000000,11593.000000000000000000000000000000,24831.375817744290543487295508384705,536343.204440283821895718574523925781,0.000000000000000000000000000000,0.000000000000000000000000000000
CALSPHERE 1             _TERRA                   ,96,ANCAS,15,1209600.000000000000000000000000000000,2959.699403117763722548261284828186,0.500000000000000000000000000000,16,6121,6118,0.010784000000000000182853732156,10784.000000000000000000000000000000,1,10784.000000000000000000000000000000,10784.000000000000000000000000000000,285.529895250437050435721175745130,855605.179467386216856539249420166016,0.000000000000000000000000000000,0.000000000000000000000000000000
CALSPHERE 1             _GALAXY 11 (G-11)        ,97,ANCAS,15,1209600.000000000000000000000000000000,3142.170959636162024253280833363533,0.500000000000000000000000000000,16,5761,5758,0.048589000000000000245581333047,48589.000000000000000000000000000000,1,48589.000000000000000000000000000000,48589.000000000000000000000000000000,34785.204913402063539251685142517090,835470.941357145202346146106719970703,0.000000000000000000000000000000,0.000000000000000000000000000000
CALSPHERE 1             _USA 148                 ,98,ANCAS,15,1209600.000000000000000000000000000000,3142.170959636162024253280833363533,0.500000000000000000000000000000,16,5761,5758,0.012115000000000000768274333041,12115.000000000000000000000000000000,1,12115.000000000000000000000000000000,12115.000000000000000000000000000000,34789.908428975119022652506828308105,651507.525865604751743376255035400391,0.000000000000000000000000000000,0.000000000000000000000000000000
CALSPHERE 1             _ASIASTAR                ,99,ANCAS,15,1209600.000000000000000000000000000000,3142.170959636162024253280833363533,0.500000000000000000000000000000,16,5761,5758,0.012089000000000000786815057552,12089.000000000000000000000000000000,1,12089.000000000000000000000000000000,12089.000000000000000000000000000000,34778.263953480141935870051383972168,941016.002214188105426728725433349609,0.000000000000000000000000000000,0.000000000000000000000000000000
CALSPHERE 1             _IMAGE                   ,100,ANCAS,15,1209600.000000000000000000000000000000,3142.170959636162024253280833363533,0.500000000000000000000000000000,16,5761,5758,0.011957000000000000614064354920,11957.000000000000000000000000000000,1,11957.000000000000000000000000000000,11957.000000000000000000000000000000,2277.622851442182309256168082356453,257434.710961710225092247128486633301,0.000000000000000000000000000000,0.000000000000000000000000000000
CALSPHERE 1             _USA 149 (DSP 20)        ,101,ANCAS,15,1209600.000000000000000000000000000000,3142.170959636162024253280833363533,0.500000000000000000000000000000,16,5761,5758,0.011509999999999999398259120653,11510.000000000000000000000000000000,1,11510.000000000000000000000000000000,11510.000000000000000000000000000000,34784.084092443321424070745706558228,1084341.948968444718047976493835449219,0.000000000000000000000000000000,0.000000000000000000000000000000
CALSPHERE 1             _NAVSTAR 47 (USA 150)    ,102,ANCAS,15,1209600.000000000000000000000000000000,3142.170959636162024253280833363533,0.500000000000000000000000000000,16,5761,5758,0.011067999999999999713451437344,11068.000000000000000000000000000000,1,11068.000000000000000000000000000000,11068.000000000000000000000000000000,19119.870431825536797987297177314758,265135.490307358850259333848953247070,0.000000000000000000000000000000,0.000000000000000000000000000000
CALSPHERE 1             _TDRS 8                  ,103,ANCAS,15,1209600.000000000000000000000000000000,3142.170959636162024253280833363533,0.500000000000000000000000000000,16,5761,5758,0.012149000000000000076827433304,12149.000000000000000000000000000000,1,12149.000000000000000000000000000000,12149.000000000000000000000000000000,34789.880492983611475210636854171753,834201.737090657697990536689758300781,0.000000000000000000000000000000,0.000000000000000000000000000000
CALSPHERE 1             _NAVSTAR 48 (USA 151)    ,104,ANCAS,15,1209600.000000000000000000000000000000,3142.170959636162024253280833363533,0.500000000000000000000000000000,16,5761,5758,0.011154999999999999985011989168,11155.000000000000000000000000000000,1,11155.000000000000000000000000000000,11155.000000000000000000000000000000,18912.842493040130648296326398849487,260675.686411010770825669169425964355,0.000000000000000000000000000000,0.000000000000000000000000000000
CALSPHERE 1             _CLUSTER II-FM7 (SAMBA)  ,105,ANCAS,15,1209600.000000000000000000000000000000,3142.170959636162024253280833363533,0.500000000000000000000000000000,16,5761,5758,0.011738000000000000169753100465,11738.000000000000000000000000000000,1,11738.000000000000000000000000000000,11738.000000000000000000000000000000,16931.983837976487848209217190742493,979653.972945657675154507160186767578,0.000000000000000000000000000000,0.000000000000000000000000000000
CALSPHERE 1             _CLUSTER II-FM6 (SALSA)  ,106,ANCAS,15,1209600.000000000000000000000000000000,3142.170959636162024253280833363533,0.500000000000000000000000000000,16,5761,5758,0.011681000000000000410560474506,11681.000000000000000000000000000000,1,11681.000000000000000000000000000000,11681.000000000000000000000000000000,5282.712632364846285781823098659515,392103.404057217179797589778900146484,0.000000000000000000000000000000,0.000000000000000000000000000000
CALSPHERE 1             _INTELSAT 9 (IS-9)       ,107,ANCAS,15,1209600.000000000000000000000000000000,3142.170959636162024253280833363533,0.500000000000000000000000000000,16,5761,5758,0.012222999999999999490296609395,12223.000000000000000000000000000000,1,12223.000000000000000000000000000000,12223.000000000000000000000000000000,34761.457785922852053772658109664917,111004.495650944212684407830238342285,0.000000000000000000000000000000,0.000000000000000000000000000000
CALSPHERE 1             _CLUSTER II-FM5 (RUMBA)  ,108,ANCAS,15,1209600.000000000000000000000000000000,3142.170959636162024253280833363533,0.500000000000000000000000000000,16,5761,5758,0.012002000000000000515254505729,12002.000000000000000000000000000000,1,12002.000000000000000000000000000000,12002.000000000000000000000000000000,12715.103074441911303438246250152588,1175675.126667308388277888298034667969,0.000000000000000000000000000000,0.000000000000000000000000000000
CALSPHERE 1             _CLUSTER II-FM8 (TANGO)  ,109,ANCAS,15,1209600.000000000000000000000000000000,3142.170959636162024253280833363533,0.500000000000000000000000000000,16,5761,5758,0.011724000000000000046296300127,11724.000000000000000000000000000000,1,11724.000000000000000000000000000000,11724.000000000000000000000000000000,16877.701157394272740930318832397461,1174610.521080663893371820449829101562,0.000000000000000000000000000000,0.000000000000000000000000000000
CALSPHERE 1             _NSS-11 (AAP-1)          ,110,ANCAS,15,1209600.000000000000000000000000000000,3142.170959636162024253280833363533,0.500000000000000000000000000000,16,5761,5758,0.010782999999999999182764831573,10783.000000000000000000000000000000,1,10783.000000000000000000000000000000,10783.000000000000000000000000000000,34780.897714710765285417437553405762,1010213.793136540451087057590484619141,0.000000000000000000000000000000,0.000000000000000000000000000000
CALSPHERE 1             _USA 153                 ,111,ANCAS,15,1209600.000000000000000000000000000000,3142.170959636162024253280833363533,0.500000000000000000000000000000,16,5761,5758,0.011953000000000000083155704544,11953.000000000000000000000000000000,1,11953.000000000000000000000000000000,11953.000000000000000000000000000000,34783.808618295217456761747598648071,1192604.051185199059545993804931640625,0.000000000000000000000000000000,0.000000000000000000000000000000
CALSPHERE 1             _AMC-6 (GE-6)            ,112,ANCAS,15,1209600.000000000000000000000000000000,3142.170959636162024253280833363533,0.500000000000000000000000000000,16,5761,5758,0.011792000000000000398125976631,11792.000000000000000000000000000000,1,11792.000000000000000000000000000000,11792.000000000000000000000000000000,34777.515909899841062724590301513672,1078642.587547280825674533843994140625,0.000000000000000000000000000000,0.000000000000000000000000000000
CALSPHERE 1             _NAVSTAR 49 (USA 154)    ,113,ANCAS,15,1209600.000000000000000000000000000000,3142.170959636162024253280833363533,0.500000000000000000000000000000,16,5761,5758,0.011102000000000000756728013585,11102.000000000000000000000000000000,1,11102.000000000000000000000000000000,11102.000000000000000000000000000000,18812.793840443242515902966260910034,1179043.954133377876132726669311523438,0.000000000000000000000000000000,0.000000000000000000000000000000
CALSPHERE 1             _INTELSAT 1R (IS-1R)     ,114,ANCAS,15,1209600.000000000000000000000000000000,3142.170959636162024253280833363533,0.500000000000000000000000000000,16,5761,5758,0.011946999999999999286792728981,11947.000000000000000000000000000000,1,11947.000000000000000000000000000000,11947.000000000000000000000000000000,34785.033336370106553658843040466309,928431.799770885496400296688079833984,0.000000000000000000000000000000,0.000000000000000000000000000000
CALSPHERE 1             _ANIK F1                 ,115,ANCAS,15,1209600.000000000000000000000000000000,3142.170959636162024253280833363533,0.500000000000000000000000000000,16,5761,5758,0.012267999999999999391486760203,12268.000000000000000000000000000000,1,12268.000000000000000000000000000000,12268.000000000000000000000000000000,34769.355906905715528409928083419800,468968.426629355119075626134872436523,0.000000000000000000000000000000,0.000000000000000000000000000000
CALSPHERE 1             _NAVSTAR 50 (USA 156)    ,116,ANCAS,15,1209600.000000000000000000000000000000,3142.170959636162024253280833363533,0.500000000000000000000000000000,16,5761,5758,0.010973999999999999380162485352,10974.000000000000000000000000000000,1,10974.000000000000000000000000000000,10974.000000000000000000000000000000,20002.223266471624810947105288505554,972299.242523781140334904193878173828,0.000000000000000000000000000000,0.000000000000000000000000000000
CALSPHERE 1             _ODIN                    ,117,ANCAS,15,1209600.000000000000000000000000000000,2842.440553331506180256837978959084,0.500000000000000000000000000000,16,6376,6373,0.011183000000000000231925589844,11183.000000000000000000000000000000,1,11183.000000000000000000000000000000,11183.000000000000000000000000000000,465.753725453284744162374408915639,993888.210848871967755258083343505859,0.000000000000000000000000000000,0.000000000000000000000000000000
CALSPHERE 1             _USA 157 (MILSTAR-2 2)   ,118,ANCAS,15,1209600.000000000000000000000000000000,3142.170959636162024253280833363533,0.500000000000000000000000000000,16,5761,5758,0.012243999999999999675481809902,12244.000000000000000000000000000000,1,12244.000000000000000000000000000000,12244.000000000000000000000000000000,34780.127319525665370747447013854980,909694.953077253652736544609069824219,0.000000000000000000000000000000,0.000000000000000000000000000000
CALSPHERE 1             _BSAT-2A                 ,119,ANCAS,15,1209600.000000000000000000000000000000,3142.170959636162024253280833363533,0.500000000000000000000000000000,16,5761,5758,0.011442000000000000781152920126,11442.000000000000000000000000000000,1,11442.000000000000000000000000000000,11442.000000000000000000000000000000,35105.456931201559200417250394821167,735615.222660640371032059192657470703,0.000000000000000000000000000000,0.000000000000000000000000000000
CALSPHERE 1             _INTELSAT 10 (IS-10)     ,120,ANCAS,15,1209600.000000000000000000000000000000,3142.170959636162024253280833363533,0.500000000000000000000000000000,16,5761,5758,0.012113000000000000502820007853,12113.000000000000000000000000000000,1,12113.000000000000000000000000000000,12113.000000000000000000000000000000,34812.192214192073151934891939163208,1016471.688050444470718502998352050781,0.000000000000000000000000000000,0.000000000000000000000000000000
CALSPHERE 1             _INTELSAT 901 (IS-901)   ,121,ANCAS,15,1209600.000000000000000000000000000000,3142.170959636162024253280833363533,0.500000000000000000000000000000,16,5761,5758,0.012033999999999999558353280804,12034.000000000000000000000000000000,1,12034.000000000000000000000000000000,12034.000000000000000000000000000000,34787.670193150603154208511114120483,714672.022676162305288016796112060547,0.000000000000000000000000000000,0.000000000000000000000000000000
CALSPHERE 1             _ASTRA 2C                ,122,ANCAS,15,1209600.000000000000000000000000000000,3142.170959636162024253280833363533,0.500000000000000000000000000000,16,5761,5758,0.012122000000000000830002733210,12122.000000000000000000000000000000,1,12122.000000000000000000000000000000,12122.000000000000000000000000000000,34784.191303499967034440487623214722,635933.008245353819802403450012207031,0.000000000000000000000000000000,0.000000000000000000000000000000
CALSPHERE 1             _OMNI-M1                 ,123,ANCAS,15,1209600.000000000000000000000000000000,3142.170959636162024253280833363533,0.500000000000000000000000000000,16,5761,5758,0.009709999999999999881206136365,9710.000000000000000000000000000000,1,9710.000000000000000000000000000000,9710.000000000000000000000000000000,9623.057412825117353349924087524414,1198601.047131841536611318588256835938,0.000000000000000000000000000000,0.000000000000000000000000000000
CALSPHERE 1             _USA 159 (DSP 21)        ,124,ANCAS,15,1209600.000000000000000000000000000000,3142.170959636162024253280833363533,0.500000000000000000000000000000,16,5761,5758,0.011457000000000000169975145070,11457.000000000000000000000000000000,1,11457.000000000000000000000000000000,11457.000000000000000000000000000000,34790.083258587277668993920087814331,375227.186704347142949700355529785156,0.000000000000000000000000000000,0.000000000000000000000000000000
CALSPHERE 1             _INTELSAT 902 (IS-902)   ,125,ANCAS,15,1209600.000000000000000000000000000000,3142.170959636162024253280833363533,0.500000000000000000000000000000,16,5761,5758,0.012224999999999999755750934582,12225.000000000000000000000000000000,1,12225.000000000000000000000000000000,12225.000000000000000000000000000000,34781.007331369357416406273841857910,978739.314234729041345417499542236328,0.000000000000000000000000000000,0.000000000000000000000000000000
CALSPHERE 1             _PCSAT (NO-44)           ,126,ANCAS,15,1209600.000000000000000000000000000000,3018.549023577963907882804051041603,0.500000000000000000000000000000,16,6001,5998,0.010517999999999999571898001705,10518.000000000000000000000000000000,1,10518.000000000000000000000000000000,10518.000000000000000000000000000000,195.319354631471497896200162358582,360411.146572197729256004095077514648,0.000000000000000000000000000000,0.000000000000000000000000000000
CALSPHERE 1             _PROBA-1                 ,127,ANCAS,15,1209600.000000000000000000000000000000,2879.396484255692485021427273750305,0.500000000000000000000000000000,16,6301,6298,0.010883999999999999577782183735,10884.000000000000000000000000000000,1,10884.000000000000000000000000000000,10884.000000000000000000000000000000,364.795579641097106105007696896791,31957.020615642381017096340656280518,0.000000000000000000000000000000,0.000000000000000000000000000000
CALSPHERE 1             _TIMED                   ,128,ANCAS,15,1209600.000000000000000000000000000000,2897.554247100097654765704646706581,0.500000000000000000000000000000,16,6256,6253,0.011010000000000000688893386780,11010.000000000000000000000000000000,1,11010.000000000000000000000000000000,11010.000000000000000000000000000000,395.698048037547209787589963525534,676435.147156770690344274044036865234,0.000000000000000000000000000000,0.000000000000000000000000000000
CALSPHERE 1             _MAROC-TUBSAT            ,129,ANCAS,15,1209600.000000000000000000000000000000,3142.170959636162024253280833363533,0.500000000000000000000000000000,16,5761,5758,0.010106000000000000399458244260,10106.000000000000000000000000000000,1,10106.000000000000000000000000000000,10106.000000000000000000000000000000,7.313094263835016484165407746332,1138194.797539358260110020637512207031,0.000000000000000000000000000000,0.000000000000000000000000000000
CALSPHERE 1             _COSMOS 2385             ,130,ANCAS,15,1209600.000000000000000000000000000000,3142.170959636162024253280833363533,0.500000000000000000000000000000,16,5761,5758,0.010101000000000000603184169279,10101.000000000000000000000000000000,1,10101.000000000000000000000000000000,10101.000000000000000000000000000000,434.095274651703164181526517495513,1185538.403773647500202059745788574219,0.000000000000000000000000000000,0.000000000000000000000000000000
CALSPHERE 1             _COSMOS 2386             ,131,ANCAS,15,1209600.000000000000000000000000000000,3142.170959636162024253280833363533,0.500000000000000000000000000000,16,5761,5758,0.010120000000000000522915044598,10120.000000000000000000000000000000,1,10120.000000000000000000000000000000,10120.000000000000000000000000000000,420.350872567789792810799553990364,583994.125964657170698046684265136719,0.000000000000000000000000000000,0.000000000000000000000000000000
CALSPHERE 1             _USA 164 (MILSTAR-2 3)   ,132,ANCAS,15,1209600.000000000000000000000000000000,3142.170959636162024253280833363533,0.500000000000000000000000000000,16,5761,5758,0.012182000000000000120015108962,12182.000000000000000000000000000000,1,12182.000000000000000000000000000000,12182.000000000000000000000000000000,34411.332576312270248308777809143066,1048023.824343654327094554901123046875,0.000000000000000000000000000000,0.000000000000000000000000000000
CALSPHERE 1             _INTELSAT 904 (IS-904)   ,133,ANCAS,15,1209600.000000000000000000000000000000,3142.170959636162024253280833363533,0.500000000000000000000000000000,16,5761,5758,0.012196000000000000243471909300,12196.000000000000000000000000000000,1,12196.000000000000000000000000000000,12196.000000000000000000000000000000,34783.151535426652117166668176651001,714636.849087224574759602546691894531,0.000000000000000000000000000000,0.000000000000000000000000000000
CALSPHERE 1             _AQUA                    ,134,ANCAS,15,1209600.000000000000000000000000000000,2960.962440882328337465878576040268,0.500000000000000000000000000000,16,6121,6118,0.010779000000000000386579657174,10779.000000000000000000000000000000,1,10779.000000000000000000000000000000,10779.000000000000000000000000000000,317.140706130980731813906459137797,1132922.052344403695315122604370117188,0.000000000000000000000000000000,0.000000000000000000000000000000
CALSPHERE 1             _DIRECTV 5 (TEMPO 1)     ,135,ANCAS,15,1209600.000000000000000000000000000000,3142.170959636162024253280833363533,0.500000000000000000000000000000,16,5761,5758,0.012142999999999999280464457740,12143.000000000000000000000000000000,1,12143.000000000000000000000000000000,12143.000000000000000000000000000000,34781.219067454418109264224767684937,471011.253660242306068539619445800781,0.000000000000000000000000000000,0.000000000000000000000000000000
CALSPHERE 1             _INTELSAT 905 (IS-905)   ,136,ANCAS,15,1209600.000000000000000000000000000000,3142.170959636162024253280833363533,0.500000000000000000000000000000,16,5761,5758,0.012177000000000000323741033981,12177.000000000000000000000000000000,1,12177.000000000000000000000000000000,12177.000000000000000000000000000000,34783.483455186586070340126752853394,972448.960669880267232656478881835938,0.000000000000000000000000000000,0.000000000000000000000000000000
CALSPHERE 1             _GALAXY 3C (G-3C)        ,137,ANCAS,15,1209600.000000000000000000000000000000,3142.170959636162024253280833363533,0.500000000000000000000000000000,16,5761,5758,0.012104999999999999441002707101,12105.000000000000000000000000000000,1,12105.000000000000000000000000000000,12105.000000000000000000000000000000,34782.590105167539149988442659378052,1161111.725492339581251144409179687500,0.000000000000000000000000000000,0.000000000000000000000000000000
CALSPHERE 1             _COSMOS 2390             ,138,ANCAS,15,1209600.000000000000000000000000000000,3142.170959636162024253280833363533,0.500000000000000000000000000000,16,5761,5758,0.010094000000000000541455769110,10094.000000000000000000000000000000,1,10094.000000000000000000000000000000,10094.000000000000000000000000000000,505.043678739253095955064054578543,269165.965702486515510827302932739258,0.000000000000000000000000000000,0.000000000000000000000000000000
CALSPHERE 1             _COSMOS 2391             ,139,ANCAS,15,1209600.000000000000000000000000000000,3142.170959636162024253280833363533,0.500000000000000000000000000000,16,5761,5758,0.010068999999999999825361918226,10069.000000000000000000000000000000,1,10069.000000000000000000000000000000,10069.000000000000000000000000000000,501.878596759267566085327416658401,414920.169925486610736697912216186523,0.000000000000000000000000000000,0.000000000000000000000000000000
CALSPHERE 1             _INTELSAT 906 (IS-906)   ,140,ANCAS,15,1209600.000000000000000000000000000000,3142.170959636162024253280833363533,0.500000000000000000000000000000,16,5761,5758,0.012007000000000000311528580710,12007.000000000000000000000000000000,1,12007.000000000000000000000000000000,12007.000000000000000000000000000000,34780.614151076289999764412641525269,1123366.443522071931511163711547851562,0.000000000000000000000000000000,0.000000000000000000000000000000
CALSPHERE 1             _INTEGRAL                ,141,ANCAS,15,1209600.000000000000000000000000000000,3142.170959636162024253280833363533,0.500000000000000000000000000000,16,5761,5758,0.011806999999999999786948201574,11807.000000000000000000000000000000,1,11807.000000000000000000000000000000,11807.000000000000000000000000000000,7280.591537202419203822501003742218,750815.662652709055691957473754882812,0.000000000000000000000000000000,0.000000000000000000000000000000
CALSPHERE 1             _TDRS 10                 ,142,ANCAS,15,1209600.000000000000000000000000000000,3142.170959636162024253280833363533,0.500000000000000000000000000000,16,5761,5758,0.012194999999999999243383008718,12195.000000000000000000000000000000,1,12195.000000000000000000000000000000,12195.000000000000000000000000000000,34765.556119589171430561691522598267,570331.241330415476113557815551757812,0.000000000000000000000000000000,0.000000000000000000000000000000
CALSPHERE 1             _LATINSAT B              ,143,ANCAS,15,1209600.000000000000000000000000000000,2930.439822298644685361068695783615,0.500000000000000000000000000000,16,6181,6178,0.010916000000000000355604434787,10916.000000000000000000000000000000,1,10916.000000000000000000000000000000,10916.000000000000000000000000000000,314.635703431623937831318471580744,357975.620001630100887268781661987305,0.000000000000000000000000000000,0.000000000000000000000000000000
CALSPHERE 1             _SAUDISAT 1C (SO-50)     ,144,ANCAS,15,1209600.000000000000000000000000000000,2921.887070517551819648360833525658,0.500000000000000000000000000000,16,6196,6193,0.010862999999999999392596983228,10863.000000000000000000000000000000,1,10863.000000000000000000000000000000,10863.000000000000000000000000000000,334.719471506880040578835178166628,472090.767650122987106442451477050781,0.000000000000000000000000000000,0.000000000000000000000000000000
CALSPHERE 1             _LATINSAT A              ,145,ANCAS,15,1209600.000000000000000000000000000000,2915.359107861241227510618045926094,0.500000000000000000000000000000,16,6211,6208,0.010899999999999999966693309261,10900.000000000000000000000000000000,1,10900.000000000000000000000000000000,10900.000000000000000000000000000000,343.524145482600886225554859265685,1045895.041091238963417708873748779297,0.000000000000000000000000000000,0.000000000000000000000000000000
CALSPHERE 1             _NIMIQ 2                 ,146,ANCAS,15,1209600.000000000000000000000000000000,3142.170959636162024253280833363533,0.500000000000000000000000000000,16,5761,5758,0.012262000000000000329847260616,12262.000000000000000000000000000000,1,12262.000000000000000000000000000000,12262.000000000000000000000000000000,34778.727991220439434982836246490479,468964.367839529702905565500259399414,0.000000000000000000000000000000,0.000000000000000000000000000000
CALSPHERE 1             _CORIOLIS                ,147,ANCAS,15,1209600.000000000000000000000000000000,3043.503946866643218527315184473991,0.500000000000000000000000000000,16,5956,5953,0.010399999999999999522604099411,10400.000000000000000000000000000000,1,10400.000000000000000000000000000000,10400.000000000000000000000000000000,173.070681369097599144879495725036,951486.015027777873910963535308837891,0.000000000000000000000000000000,0.000000000000000000000000000000
CALSPHERE 1             _SORCE                   ,148,ANCAS,15,1209600.000000000000000000000000000000,2891.127872155765999195864424109459,0.500000000000000000000000000000,16,6271,6268,0.011084999999999999367727987476,11085.000000000000000000000000000000,1,11085.000000000000000000000000000000,11085.000000000000000000000000000000,393.779997165162455985409906134009,488766.251491274917498230934143066406,0.000000000000000000000000000000,0.000000000000000000000000000000
CALSPHERE 1             _NAVSTAR 51 (USA 166)    ,149,ANCAS,15,1209600.000000000000000000000000000000,3142.170959636162024253280833363533,0.500000000000000000000000000000,16,5761,5758,0.011010999999999999954258811385,11011.000000000000000000000000000000,1,11011.000000000000000000000000000000,11011.000000000000000000000000000000,19069.348943036762648262083530426025,730633.043383019627071917057037353516,0.000000000000000000000000000000,0.000000000000000000000000000000
CALSPHERE 1             _USA 167                 ,150,ANCAS,15,1209600.000000000000000000000000000000,3142.170959636162024253280833363533,0.500000000000000000000000000000,16,5761,5758,0.012007000000000000311528580710,12007.000000000000000000000000000000,1,12007.000000000000000000000000000000,12007.000000000000000000000000000000,34785.780196418178093153983354568481,991101.104673443478532135486602783203,0.000000000000000000000000000000,0.000000000000000000000000000000
CALSPHERE 1             _NAVSTAR 52 (USA 168)    ,151,ANCAS,15,1209600.000000000000000000000000000000,3142.170959636162024253280833363533,0.500000000000000000000000000000,16,5761,5758,0.011161000000000000781374964731,11161.000000000000000000000000000000,1,11161.000000000000000000000000000000,11161.000000000000000000000000000000,19011.910276632021123077720403671265,133926.826752570923417806625366210938,0.000000000000000000000000000000,0.000000000000000000000000000000
CALSPHERE 1             _USA 169 (MILSTAR-2 4)   ,152,ANCAS,15,1209600.000000000000000000000000000000,3142.170959636162024253280833363533,0.500000000000000000000000000000,16,5761,5758,0.012278999999999999984123810748,12279.000000000000000000000000000000,1,12279.000000000000000000000000000000,12279.000000000000000000000000000000,34389.673603842529701068997383117676,412901.353402112319599837064743041992,0.000000000000000000000000000000,0.000000000000000000000000000000
CALSPHERE 1             _ASIASAT 4               ,153,ANCAS,15,1209600.000000000000000000000000000000,3142.170959636162024253280833363533,0.500000000000000000000000000000,16,5761,5758,0.012080999999999999724997756800,12081.000000000000000000000000000000,1,12081.000000000000000000000000000000,12081.000000000000000000000000000000,34781.247034048057685140520334243774,758665.486341178766451776027679443359,0.000000000000000000000000000000,0.000000000000000000000000000000
CALSPHERE 1             _HELLAS-SAT 2            ,154,ANCAS,15,1209600.000000000000000000000000000000,3142.170959636162024253280833363533,0.500000000000000000000000000000,16,5761,5758,0.012160999999999999934829908455,12161.000000000000000000000000000000,1,12161.000000000000000000000000000000,12161.000000000000000000000000000000,34779.978631007332296576350927352905,796380.742211975506506860256195068359,0.000000000000000000000000000000,0.000000000000000000000000000000
CALSPHERE 1             _THURAYA-2               ,155,ANCAS,15,1209600.000000000000000000000000000000,3142.170959636162024253280833363533,0.500000000000000000000000000000,16,5761,5758,0.012023999999999999965805130842,12024.000000000000000000000000000000,1,12024.000000000000000000000000000000,12024.000000000000000000000000000000,34784.869155090171261690557003021240,1041696.715011385502293705940246582031,0.000000000000000000000000000000,0.000000000000000000000000000000
CALSPHERE 1             _OPTUS C1                ,156,ANCAS,15,1209600.000000000000000000000000000000,3142.170959636162024253280833363533,0.500000000000000000000000000000,16,5761,5758,0.012175000000000000058286708793,12175.000000000000000000000000000000,1,12175.000000000000000000000000000000,12175.000000000000000000000000000000,34774.068132766362396068871021270752,670619.800129471928812563419342041016,0.000000000000000000000000000000,0.000000000000000000000000000000
CALSPHERE 1             _MOST                    ,157,ANCAS,15,1209600.000000000000000000000000000000,3040.291676575178826169576495885849,0.500000000000000000000000000000,16,5956,5953,0.010423999999999999238609049712,10424.000000000000000000000000000000,1,10424.000000000000000000000000000000,10424.000000000000000000000000000000,182.639614211302216517651686444879,338997.601419493323192000389099121094,0.000000000000000000000000000000,0.000000000000000000000000000000
CALSPHERE 1             _CUTE-1 (CO-55)          ,158,ANCAS,15,1209600.000000000000000000000000000000,3035.577395001508648419985547661781,0.500000000000000000000000000000,16,5971,5968,0.010352000000000000090594198809,10352.000000000000000000000000000000,1,10352.000000000000000000000000000000,10352.000000000000000000000000000000,162.763101819208060305754770524800,229137.517308559094090014696121215820,0.000000000000000000000000000000,0.000000000000000000000000000000
CALSPHERE 1             _CUBESAT XI-IV (CO-57)   ,159,ANCAS,15,1209600.000000000000000000000000000000,3036.728426855082489055348560214043,0.500000000000000000000000000000,16,5971,5968,0.010349999999999999825139873622,10350.000000000000000000000000000000,1,10350.000000000000000000000000000000,10350.000000000000000000000000000000,151.133565870089796590036712586880,348152.533469438261818140745162963867,0.000000000000000000000000000000,0.000000000000000000000000000000
CALSPHERE 1             _GALAXY 23 (G-23)        ,160,ANCAS,15,1209600.000000000000000000000000000000,3142.170959636162024253280833363533,0.500000000000000000000000000000,16,5761,5758,0.012050999999999999212629830936,12051.000000000000000000000000000000,1,12051.000000000000000000000000000000,12051.000000000000000000000000000000,34778.838566068392537999898195266724,1166736.668476672144606709480285644531,0.000000000000000000000000000000,0.000000000000000000000000000000
CALSPHERE 1             _SCISAT 1                ,161,ANCAS,15,1209600.000000000000000000000000000000,2921.064183982091890356969088315964,0.500000000000000000000000000000,16,6211,6208,0.010904999999999999762967384243,10905.000000000000000000000000000000,1,10905.000000000000000000000000000000,10905.000000000000000000000000000000,341.910990941788440977688878774643,725380.677617410197854042053222656250,0.000000000000000000000000000000,0.000000000000000000000000000000
CALSPHERE 1             _COSMOS 2400             ,162,ANCAS,15,1209600.000000000000000000000000000000,3142.170959636162024253280833363533,0.500000000000000000000000000000,16,5761,5758,0.008866000000000000616506845574,8866.000000000000000000000000000000,1,8866.000000000000000000000000000000,8866.000000000000000000000000000000,478.203739081748722128395456820726,210057.921715401287656277418136596680,0.000000000000000000000000000000,0.000000000000000000000000000000
CALSPHERE 1             _COSMOS 2401             ,163,ANCAS,15,1209600.000000000000000000000000000000,3142.170959636162024253280833363533,0.500000000000000000000000000000,16,5761,5758,0.009749999999999999986122212192,9750.000000000000000000000000000000,1,9750.000000000000000000000000000000,9750.000000000000000000000000000000,481.499029820904638654610607773066,203077.375875487196026369929313659668,0.000000000000000000000000000000,0.000000000000000000000000000000
CALSPHERE 1             _USA 170                 ,164,ANCAS,15,1209600.000000000000000000000000000000,3142.170959636162024253280833363533,0.500000000000000000000000000000,16,5761,5758,0.012170999999999999527378058417,12171.000000000000000000000000000000,1,12171.000000000000000000000000000000,12171.000000000000000000000000000000,34772.403234960023837629705667495728,790126.630355295259505510330200195312,0.000000000000000000000000000000,0.000000000000000000000000000000
CALSPHERE 1             _MOZHAYETS 4 (RS-22)     ,165,ANCAS,15,1209600.000000000000000000000000000000,2939.800384614084578061010688543320,0.500000000000000000000000000000,16,6166,6163,0.010928000000000000213606909938,10928.000000000000000000000000000000,1,10928.000000000000000000000000000000,10928.000000000000000000000000000000,316.668554767781756709155160933733,1082267.772081644739955663681030273438,0.000000000000000000000000000000,0.000000000000000000000000000000
CALSPHERE 1             _LARETS                  ,166,ANCAS,15,1209600.000000000000000000000000000000,2951.885050595046777743846178054810,0.500000000000000000000000000000,16,6136,6133,0.010545000000000000553446177776,10545.000000000000000000000000000000,1,10545.000000000000000000000000000000,10545.000000000000000000000000000000,280.646528547402226649865042418242,235458.255323232529917731881141662598,0.000000000000000000000000000000,0.000000000000000000000000000000
CALSPHERE 1             _GALAXY 13 (HORIZONS-1)  ,167,ANCAS,15,1209600.000000000000000000000000000000,3142.170959636162024253280833363533,0.500000000000000000000000000000,16,5761,5758,0.012312999999999999292676911011,12313.000000000000000000000000000000,1,12313.000000000000000000000000000000,12313.000000000000000000000000000000,34797.630357056885259225964546203613,908626.378507149755023419857025146484,0.000000000000000000000000000000,0.000000000000000000000000000000
CALSPHERE 1             _IRS-P6 (RESOURCESAT-1)  ,168,ANCAS,15,1209600.000000000000000000000000000000,3009.686192205786937847733497619629,0.500000000000000000000000000000,16,6016,6013,0.010644999999999999948374629355,10645.000000000000000000000000000000,1,10645.000000000000000000000000000000,10645.000000000000000000000000000000,181.568956564559215394183411262929,722389.877973777242004871368408203125,0.000000000000000000000000000000,0.000000000000000000000000000000
CALSPHERE 1             _DMSP 5D-3 F16 (USA 172) ,169,ANCAS,15,1209600.000000000000000000000000000000,3055.224470160125747497659176588058,0.500000000000000000000000000000,16,5926,5923,0.010349000000000000559774449016,10349.000000000000000000000000000000,1,10349.000000000000000000000000000000,10349.000000000000000000000000000000,151.212909180307605083726230077446,402983.027979245176538825035095214844,0.000000000000000000000000000000,0.000000000000000000000000000000
CALSPHERE 1             _CHUANGXIN 1 (CX-1)      ,170,ANCAS,15,1209600.000000000000000000000000000000,2984.192036399361768417293205857277,0.500000000000000000000000000000,16,6076,6073,0.010373000000000000275779399317,10373.000000000000000000000000000000,1,10373.000000000000000000000000000000,10373.000000000000000000000000000000,230.327850510552877949521644040942,141818.170095309498719871044158935547,0.000000000000000000000000000000,0.000000000000000000000000000000
CALSPHERE 1             _YAMAL 202               ,171,ANCAS,15,1209600.000000000000000000000000000000,3142.170959636162024253280833363533,0.500000000000000000000000000000,16,5761,5758,0.012057000000000000008992806499,12057.000000000000000000000000000000,1,12057.000000000000000000000000000000,12057.000000000000000000000000000000,34781.542744960737763904035091400146,577661.010687820729799568653106689453,0.000000000000000000000000000000,0.000000000000000000000000000000
CALSPHERE 1             _UFO 11 (USA 174)        ,172,ANCAS,15,1209600.000000000000000000000000000000,3142.170959636162024253280833363533,0.500000000000000000000000000000,16,5761,5758,0.012151999999999999607647183097,12152.000000000000000000000000000000,1,12152.000000000000000000000000000000,12152.000000000000000000000000000000,34780.588797820513718761503696441650,689559.606418544193729758262634277344,0.000000000000000000000000000000,0.000000000000000000000000000000
CALSPHERE 1             _NAVSTAR 53 (USA 175)    ,173,ANCAS,15,1209600.000000000000000000000000000000,3142.170959636162024253280833363533,0.500000000000000000000000000000,16,5761,5758,0.011029000000000000608624262100,11029.000000000000000000000000000000,1,11029.000000000000000000000000000000,11029.000000000000000000000000000000,19013.343612698117794934660196304321,928410.059411182766780257225036621094,0.000000000000000000000000000000,0.000000000000000000000000000000
CALSPHERE 1             _USA 176 (DSP 22)        ,174,ANCAS,15,1209600.000000000000000000000000000000,3142.170959636162024253280833363533,0.500000000000000000000000000000,16,5761,5758,0.011886000000000000731414928623,11886.000000000000000000000000000000,1,11886.000000000000000000000000000000,11886.000000000000000000000000000000,34788.319006736164737958461046218872,859372.407956610433757305145263671875,0.000000000000000000000000000000,0.000000000000000000000000000000
CALSPHERE 1             _ABS-4 (MOBISAT-1)       ,175,ANCAS,15,1209600.000000000000000000000000000000,3142.170959636162024253280833363533,0.500000000000000000000000000000,16,5761,5758,0.010663000000000000602740080069,10663.000000000000000000000000000000,1,10663.000000000000000000000000000000,10663.000000000000000000000000000000,34772.707825349258200731128454208374,865554.575963568640872836112976074219,0.000000000000000000000000000000,0.000000000000000000000000000000
CALSPHERE 1             _EUTELSAT 7A             ,176,ANCAS,15,1209600.000000000000000000000000000000,3142.170959636162024253280833363533,0.500000000000000000000000000000,16,5761,5758,0.012170999999999999527378058417,12171.000000000000000000000000000000,1,12171.000000000000000000000000000000,12171.000000000000000000000000000000,34777.973541588246007449924945831299,1078611.938732873881235718727111816406,0.000000000000000000000000000000,0.000000000000000000000000000000
CALSPHERE 1             _NAVSTAR 54 (USA 177)    ,177,ANCAS,15,1209600.000000000000000000000000000000,3142.170959636162024253280833363533,0.500000000000000000000000000000,16,5761,5758,0.011192000000000000559108315201,11192.000000000000000000000000000000,1,11192.000000000000000000000000000000,11192.000000000000000000000000000000,19004.604342561611701967194676399231,591188.104576943791471421718597412109,0.000000000000000000000000000000,0.000000000000000000000000000000
CALSPHERE 1             _SHIYAN 1 (SY-1)         ,178,ANCAS,15,1209600.000000000000000000000000000000,2861.310937490546166372951120138168,0.500000000000000000000000000000,16,6331,6328,0.011142000000000000861644089412,11142.000000000000000000000000000000,1,11142.000000000000000000000000000000,11142.000000000000000000000000000000,433.921254198337237539817579090595,462294.976945771311875432729721069336,0.000000000000000000000000000000,0.000000000000000000000000000000
CALSPHERE 1             _AMC-11 (GE-11)          ,179,ANCAS,15,1209600.000000000000000000000000000000,3142.170959636162024253280833363533,0.500000000000000000000000000000,16,5761,5758,0.012307000000000000231037411424,12307.000000000000000000000000000000,1,12307.000000000000000000000000000000,12307.000000000000000000000000000000,34788.176911229566030669957399368286,1072774.550225950777530670166015625000,0.000000000000000000000000000000,0.000000000000000000000000000000
CALSPHERE 1             _INTELSAT 10-02          ,180,ANCAS,15,1209600.000000000000000000000000000000,3142.170959636162024253280833363533,0.500000000000000000000000000000,16,5761,5758,0.012002000000000000515254505729,12002.000000000000000000000000000000,1,12002.000000000000000000000000000000,12002.000000000000000000000000000000,34787.062277570912556257098913192749,708383.584184330538846552371978759766,0.000000000000000000000000000000,0.000000000000000000000000000000
CALSPHERE 1             _NAVSTAR 55 (USA 178)    ,181,ANCAS,15,1209600.000000000000000000000000000000,3142.170959636162024253280833363533,0.500000000000000000000000000000,16,5761,5758,0.011022000000000000546895861930,11022.000000000000000000000000000000,1,11022.000000000000000000000000000000,11022.000000000000000000000000000000,18795.702345028243144042789936065674,1028171.450809840462170541286468505859,0.000000000000000000000000000000,0.000000000000000000000000000000
CALSPHERE 1             _APRIZESAT 2             ,182,ANCAS,15,1209600.000000000000000000000000000000,3005.800939066902174090500921010971,0.500000000000000000000000000000,16,6031,6028,0.010689000000000000584199355558,10689.000000000000000000000000000000,1,10689.000000000000000000000000000000,10689.000000000000000000000000000000,216.523467900492704529824550263584,542794.874022543430328369140625000000,0.000000000000000000000000000000,0.000000000000000000000000000000
CALSPHERE 1             _SAUDICOMSAT 1           ,183,ANCAS,15,1209600.000000000000000000000000000000,2971.564521291548317094566300511360,0.500000000000000000000000000000,16,6106,6103,0.010630000000000000559552404411,10630.000000000000000000000000000000,1,10630.000000000000000000000000000000,10630.000000000000000000000000000000,245.268275727409331921080593019724,664034.392779278336092829704284667969,0.000000000000000000000000000000,0.000000000000000000000000000000
CALSPHERE 1             _SAUDICOMSAT 2           ,184,ANCAS,15,1209600.000000000000000000000000000000,2982.287146622608815960120409727097,0.500000000000000000000000000000,16,6076,6073,0.010668000000000000399014155050,10668.000000000000000000000000000000,1,10668.000000000000000000000000000000,10668.000000000000000000000000000000,237.023887650149418959699687547982,305242.411162637115921825170516967773,0.000000000000000000000000000000,0.000000000000000000000000000000
CALSPHERE 1             _SAUDISAT 2              ,185,ANCAS,15,1209600.000000000000000000000000000000,2968.389005009892116504488512873650,0.500000000000000000000000000000,16,6106,6103,0.010534999999999999226174551836,10535.000000000000000000000000000000,1,10535.000000000000000000000000000000,10535.000000000000000000000000000000,282.444819597930177224043291062117,558919.740254757925868034362792968750,0.000000000000000000000000000000,0.000000000000000000000000000000
CALSPHERE 1             _APRIZESAT 1             ,186,ANCAS,15,1209600.000000000000000000000000000000,2978.222461780692810862092301249504,0.500000000000000000000000000000,16,6091,6088,0.010680999999999999522382054806,10681.000000000000000000000000000000,1,10681.000000000000000000000000000000,10681.000000000000000000000000000000,267.166860498403480050910729914904,498563.660496739088557660579681396484,0.000000000000000000000000000000,0.000000000000000000000000000000
CALSPHERE 1             _AURA                    ,187,ANCAS,15,1209600.000000000000000000000000000000,2962.391704936766927858116105198860,0.500000000000000000000000000000,16,6121,6118,0.010682999999999999787836379994,10683.000000000000000000000000000000,1,10683.000000000000000000000000000000,10683.000000000000000000000000000000,273.555426065849360384163446724415,265570.169333638565149158239364624023,0.000000000000000000000000000000,0.000000000000000000000000000000
CALSPHERE 1             _ANIK F2                 ,188,ANCAS,15,1209600.000000000000000000000000000000,3142.170959636162024253280833363533,0.500000000000000000000000000000,16,5761,5758,0.010097000000000000072275518903,10097.000000000000000000000000000000,1,10097.000000000000000000000000000000,10097.000000000000000000000000000000,34778.399812750802084337919950485229,1072762.271057580132037401199340820312,0.000000000000000000000000000000,0.000000000000000000000000000000
CALSPHERE 1             _COSMOS 2407             ,189,ANCAS,15,1209600.000000000000000000000000000000,3139.085656837788974371505901217461,0.500000000000000000000000000000,16,5776,5773,0.010191999999999999670929895501,10192.000000000000000000000000000000,1,10192.000000000000000000000000000000,10192.000000000000000000000000000000,5981.392512706364868790842592716217,1207306.296312519581988453865051269531,0.000000000000000000000000000000,0.000000000000000000000000000000
CALSPHERE 1             _SHIJIAN-6 01A (SJ-6 01A),190,ANCAS,15,1209600.000000000000000000000000000000,2878.861337409900443162769079208374,0.500000000000000000000000000000,16,6301,6298,0.011053000000000000324629212400,11053.000000000000000000000000000000,1,11053.000000000000000000000000000000,11053.000000000000000000000000000000,417.333349566712911382637685164809,966353.853569822036661207675933837891,0.000000000000000000000000000000,0.000000000000000000000000000000
CALSPHERE 1             _SHIJIAN-6 01B (SJ-6 01B),191,ANCAS,15,1209600.000000000000000000000000000000,2884.934759761455097759608179330826,0.500000000000000000000000000000